id,text,question_code_type,tags,class
43595831,pre authorize event get owner get id authentication id delete path variable id long id request body event event repo delete id event,function,"['java', 'spring', 'spring-mvc', 'spring-security', 'acl']",acl
20856825,enable aspect jauto proxy enable spring configured enable auto configuration exclude configuration component scan main string args exception application context ctx spring application run lass args mode advice mode aspectj configuration root data source config override data source data source jpa data source jpa transaction manager bean bean name jpa data source data source jpa data source bean name transaction manager tx mgr jpa transaction manager jpa transaction manager bean name entity manager factory entity manager factory jpa emf pre post enabled true configuration ordered autowired data source data source override get order root method security co nfig order bean mutable acl service acl service cache exception ioexception mutable jdbc acl service acl service mutable jdbc acl service data source acl lookup strategy acl cache acl service set class identity query select identity acl service set sid identity query select identity acl service acl service data source ordered auto configure after root data source config autowired data source root data source config depends on ordered,invalid,"['java', 'spring-boot', 'configuration', 'nullpointerexception', 'autowired']",acl
33466051,main main string args runtime runtime runtime instance profile profile impl set parameter profile main host set parameter profile main port set parameter profile container name reality agent container agent container runtime create main container agent controller ac agent container create new agent hitman agent47 get name null ac start stale proxy exception print stack trace agent47 agent serial version uid 1l override setup aclmessage msg aclmessage aclmessage inform aid dest aid agent smith matrix aid isguid dest add addresses http acc msg add receiver dest msg set content hello send msg main main string args runtime runtime runtime instance profile profile impl set parameter profile main host set parameter profile main port set parameter profile container name matrix agent container agent container runtime create main container agent controller ac agent container create new agent agent smith agent smith get name null ac start stale proxy exception print stack trace agent smith agent serial version uid 1l override setup add behaviour cyclic behaviour serial version uid 1l action aclmessage msg agent receive msg null string content msg get content content null system println received request msg get sender get local name system println received message content system println setup done,class,"['java', 'agents-jade']",acl
48367588,spring boot application trader diary application main string args spring application run trader diary application args configuration data source config bean data source trader diary data source data source properties data source properties data source properties build,class,"['java', 'spring', 'spring-boot', 'spring-security', 'spring-security-acl']",acl
42515049,executor service schedule at fixed rate runnable run system println hello jsonarray data server api risk check data null jsonarray policycontent data policycontent length jsonobject privilege policycontent get jsonobject string user privilege get string user string filepath privilege get string file path string accesses privilege get boolean read true accesses accesses privilege get boolean write true accesses accesses privilege get boolean execute true accesses accesses privilege get boolean execute false privilege get boolean write false privilege get boolean read false accesses system println trying to run process runtime get runtime exec setfacl user accesses filepath wait for exit val wait for system println exited error code exit val ioexception todo auto generated block print stack trace interrupted exception todo auto generated block print stack trace system println setfacl user accesses filepath system println server api get risk value time unit seconds,invalid,"['java', 'linux', 'acl', 'processbuilder', 'runtime.exec']",acl
46031254,main string interrupted exception spark conf conf spark conf set master local set app name sampleapp java streaming context jssc java streaming context conf durations seconds map string object kafka params hash map kafka params put bootstrap servers localhost kafka params put key deserializer string deserializer kafka params put value deserializer string deserializer kafka params put group id different id allotted different stream kafka params put auto offset reset latest kafka params put enable auto commit false collection string topics arrays list topic java input dstream consumer record string string stream kafka utils create direct stream jssc location strategies prefer consistent consumer strategies string string subscribe topics kafka params java pair dstream string string pair dstream stream map to pair pair function consumer record string string string string serial version uid 1l override tuple2 string string call consumer record string string record exception tuple2 record key record value pair dstream foreach rdd pair rdd pair rdd foreach rdd system println key rdd value rdd jssc start jssc await termination stream map to pair pair function consumer record string string string string serial version uid 1l override tuple2 string string call consumer record string string record exception tuple2 record key record value,function,"['java', 'apache-spark', 'apache-kafka', 'spark-streaming']",acl
23874988,entity table name resource group resource group serializable id generated value strategy generation type identity id column unique true string name one to many mapped by resource group cascade cascade type all fetch fetch type lazy orphan removal true join column name resourcegroup id list user group resource group acl user resource groups entity table name user group user group serializable one to many mapped by user group fetch fetch type lazy cascade cascade type all join column name usergroup id list access control list acl one to many mapped by user group fetch fetch type lazy cascade cascade type all join column name usergroup id list user group resource group acl user resource groups override list resource group get allowed resource groups user group user grp em create named query resource group get all can view set parameter user group user grp set parameter view true get result list,code_block,"['java', 'jpql', 'jpa-2.1']",acl
36300398,acl service utils logger logger logger factory get logger acl service utils acl get acl session session string object id boolean basic permissions ioexception object identity obj id object identity get object identity object id access control list impl acl access control list impl list ace aces array list ace principal impl principal principal impl principal set id obj id get type want info user access control entry impl ace access control entry impl ace set direct true ace set principal principal aces add ace acl set aces aces acl exception print stack trace null object identity json ignore object mapper mapper object mapper json ignore string utf utf object identity type type string unid string id string parent folder path object identity type get type type set type object identity type type type type string get unid unid set unid string unid unid unid string get id id set id string id id id string get parent folder path parent folder path set parent folder path string parent id parent folder path parent id json ignore string get encoded object id ioexception string json mapper write value as string encode base64 base64 encode json string result string encode base64 result urlencoder encode result utf result json ignore object identity get object identity string encoded string ioexception string decoded string urldecoder decode encoded string utf decode base64 base64 decode decoded string string result string decode base64 mapper read value result object identity main string args ioexception object identity identity object identity identity set id local identity set unid def identity set type object identity type attachment object identity decoded object identity get object identity identity get encoded object id system println decoded id system println decoded unid system println decoded type system println decoded id equals identity id,invalid,"['java', 'lotus-notes', 'opencmis']",acl
19253946,string get viewer string path list acl enum read permission list acl entry permission read acl array list acl entry permission read acl add acl entry permission read attributes read acl add acl entry permission read data read acl add acl entry permission synchronize read acl add acl entry permission read named attrs acl file attribute view acl files get file attribute view paths get path acl file attribute view list string names array list string acl null list acl entry acl list acl get acl acl entry entry acl list system println principal system println entry permissions entry permissions contains all read acl only add principal group entry principal group names add entry principal get name ioexception todo auto generated block print stack trace names array string,function,"['java', 'permissions', 'acl']",acl
53780612,no repository bean acl base repository base entity crud repository long list find all with acl predicate predicate page find all with acl predicate predicate pageable pageable no repository bean acl base repository impl base entity querydsl jpa repository long acl base repository suppress warnings unchecked acl base repository impl jpa entity information long entity information entity manager entity manager entity information entity manager override list find all with acl predicate predicate find all predicate override page find all with acl predicate predicate pageable pageable find all predicate pageable account repository acl base repository account,class,"['java', 'spring', 'generics', 'spring-data-jpa']",acl
39561748,acc priv db query access privileges session get effective user name acc priv db dbacl create docs acl priviliges contains dbacl create docs acl priviliges add dbacl create docs acc priv db dbacl delete docs acl priviliges contains dbacl delete docs acl priviliges add dbacl delete docs acc priv db dbacl create priv agents acl priviliges contains dbacl create priv agents acl priviliges add dbacl create priv agents etc database db user bean init db,code_block,"['java', 'xpages', 's']",acl
29796129,request mapping id string get path variable id long person id model model http session session person person person service find by id person id do stuff here person show pre authorize permission person id domain class read person find by id long person id person repository find one person id,function,"['java', 'spring', 'spring-mvc', 'spring-security', 'spring-security-acl']",acl
31045363,javax jcr node javax jcr node iterator javax jcr repository javax jcr session javax jcr security javax jcr manage accesscontrol test request get session false jackrabbit session js jackrabbit session session access control manager mgr jackrabbit session get access control manager create privilege set jcr privilege privileges privilege mgr privilege from name privilege jcr all access control list acl get first applicable policy nodes policy acl mgr get applicable policies path next access control policy no such element exception node already policy get one acl mgr get policies path remove existing entries access control entry acl get access control entries acl remove access control entry add one special everyone principal acl add access control entry everyone principal get instance privileges policy must set mgr set policy path acl session must saved changes applied session save,class,"['javascript', 'java', 'html', 'jsp', 'aem']",acl
20994154,is used get policy base64 signature converted base64 string get policy and signature string policy key store keystore key store get instance pkcs12 keystore load file input stream file test app mykey p12 notasecret char array private key private key private key keystore get key privatekey notasecret char array signature signature signature get instance sha256with rsa signature init sign private key wrong signature update policy get bytes signature update base64utils base64 policy get bytes get bytes signature bytes signature sign policy bytes policy get bytes string base64utils base64 policy bytes base64utils base64 signature bytes exception system println error get message null test uploader vertical panel main panel vertical panel form panel form panel form panel form panel set widget main panel file upload upload file upload upload set name file form panel set action http sgacms storage googleapis com form panel set method form panel method post form panel set encoding form panel encoding multipart form panel get element set attribute accept charset utf string key string testing string bucket string sgacms hidden key hidden key key string hidden bucket hidden bucket bucket string hidden content type hidden content type image jpeg hidden google access id hidden google access id developer gserviceaccount com hidden acl hidden acl bucket owner read hidden policy hidden policy hidden hidden signature hidden signature string policy string expiration 16t11 11z conditions starts key acl bucket owner read bucket sgacms eq content type image jpeg content length range string policy and signature get policy and signature policy string policy set value policy and signature hidden signature set value policy and signature button btn button submit main panel add btn submit main panel add key hidden main panel add bucket hidden main panel add content type hidden main panel add google access id hidden main panel add acl hidden main panel add policy hidden main panel add hidden signature hidden main panel add upload file init widget form panel btn add click handler click handler override click click event event form panel submit form panel add submit complete handler submit complete handler override submit complete submit complete event event log severe submit results event get results,function,"['java', 'google-app-engine', 'gwt', 'signature', 'google-cloud-storage']",acl
18933253,add permission object entity serializable identifier sid recipient permission permission mutable acl acl object identity oid object identity impl entity get class identifier acl mutable acl mutable acl service read acl by id oid not found exception acl mutable acl mutable acl service create acl oid acl insert ace acl get entries size permission recipient true mutable acl service update acl acl log debug added permission entity entity recipient recipient permission permission,function,"['java', 'spring', 'spring-security']",acl
37864053,properties props properties props put bootstrap servers localhost props put client id demo producer props put key serializer org apache kafka common serialization string serializer props put value serializer org apache kafka common serialization string serializer producer config kafka producer string string props topic topic async async,code_block,"['java', 'apache-kafka', 'kafka-producer-api']",acl
36826778,storage object object metadata storage object set access control list object access control acl lists new array list acl add object access control set entity users set role reader object metadata set acl acl storage objects update req client objects update bucket file object metadata req execute,code_block,"['java', 'json', 'google-app-engine', 'google-cloud-storage', 'acl']",acl
22781288,override post filter permission filter object read list project find all projects typed query project tq em create named query project find all project list project projects tq get result list projects,function,"['java', 'spring', 'spring-security', 'spring-security-acl']",acl
45805514,access control list acl access control list acl grant permission canonical grantee s3 bucket owner id permission full control put object request put object request put object request s3 bucket file stream null access control list acl s3client put object put object request,code_block,"['java', 'amazon-web-services', 'amazon-s3']",acl
35087699,acl file attribute view view files get file attribute view path acl file attribute view view null sb append owner view get owner get name acl entry acl view get acl sb append acl principal acl entry permission aep acl permissions sb append aep string,code_block,"['java', 'security', 'nio']",acl
42171397,com google api client googleapis auth oauth2 com google api client googleapis auth oauth2 google token response com google api client http javanet net http transport com google api client json jackson2 jackson factory org apache http http response org apache http client http client org apache http client methods http post org apache http entity string entity org apache http impl client http client builder java io buffered reader java io ioexception java io input stream reader java util arrays java util list google plust shenanigans string client secret client secret string client id client id list string scope arrays list https www googleapis com auth plus https www googleapis com auth plus stream write string redirect uri https www someuri com oauth2callback main string args ioexception flow builder net http transport jackson factory client id client secret scope set access type offline set offline token refreshed build string url flow new authorization url set redirect uri redirect uri build system println please open following url browser type authorization code system println url buffered reader br buffered reader input stream reader system string code br read line google token response token response flow new token request code set redirect uri redirect uri execute string token token response get access token string refresh token token response get refresh token system println access token token system println refresh token refresh token post sample message token post string msg string token ioexception http client client http client builder create build http post post http post https www googleapis com plus domains v1 people activities string entity body string entity object original content msg access items type domain domain restricted true post set header content type application json post set header authorization oauth token post set entity body http response resp client execute post system println resp get status line get status code system println resp get status line get reason phrase system println resp string google credential credential google credential builder set transport net http transport set json factory jackson factory set client secrets client id client secret build credential set from token response token response credential refresh token string msg happy monday caseofthemondays create list acl entries resource resource set type domain share domain list acl entries array list acl entries add resource acl acl acl acl set items acl entries acl set domain restricted true required domain restriction plus domains plus domains plus domains builder net http transport jackson factory credential set application name app build activity activity activity set object activity plus domains object set original content msg set access acl activity plus domains activities insert activity execute system println activity pretty string,invalid,"['java', 'google-plus', 'google-domain-api']",acl
42627316,storage gs client storage file id gcs file id file id creator create from uri gcs file uri list object access control acl array list acl add object access control set role acl add acl acl user all users acl role reader acl add object access control set role reader set project team object access control project team set team viewers storage object object storage object set name gcs file id get object id set acl acl input stream content media content input stream content application octet stream input stream storage objects insert insert request gs client objects insert gcs file id get bucket object media content insert request get media http uploader set direct upload enabled true insert request execute,code_block,"['java', 'permissions', 'google-cloud-storage']",acl
22010619,transactional pre authorize permit all room create room integer room id todo auto generated method stub create acl room id room repository save room id,function,"['java', 'spring', 'jpa', 'spring-security', 'spring-security-acl']",acl
30757932,storage object storage storage string bucket name string object name input stream image data ioexception input stream content media content input stream content image png image data storage objects insert insert object storage objects insert bucket name null media content set name object name insert object get media http uploader set disable gzip content true storage object uploaded image insert object execute acl make object access control public aclitem object access control public aclitem set entity users public aclitem set role reader uploaded image get acl add public aclitem how to update this acl now and how to fetch the public url,function,"['java', 'google-api', 'google-cloud-storage']",acl
37551838,api key repository crud repository api key long override pre authorize permission api key delete delete api key api key,class,"['java', 'spring', 'spring-security', 'acl', 'spring-el']",acl
7919081,socket address proxy address inet socket address proxy host proxy port proxy proxy proxy proxy type http proxy address url client login url url https server com accounts client login http urlconnection http urlconnection client login url open connection proxy set do input true set do output true set use caches false set request property content type application www form urlencoded string builder content string builder content append email append urlencoder encode constants gsa auth user utf content append passwd append urlencoder encode constants gsa auth password utf output stream output stream get output stream output stream write content string get bytes utf output stream close retrieve output response code get response code system println response code response code input stream input stream response code http urlconnection http ok input stream get input stream input stream get error stream string post output string input stream string tokenizer tokenizer string tokenizer post output string key null tokenizer more elements tokenizer next token equals ignore case auth tokenizer more elements key tokenizer next token key null system println error response server post output system println key found key,code_block,"['java', 'acl', 'google-search', 'google-search-appliance']",acl
57753664,single content create content content content backend acl acl backend acl acl set public read false acl set public write false content set acl acl content create flat map backend entity content new content content backend entity new content set entity id backend entity get entity id new content set schema content get schema single new content flat map content1 content1 set link schema content1 get schema get entity id flat map linked code section content1 set link user get logged in user get entity id single true dummy illustrate flat map linked single content code section single jus content1,function,"['java', 'rx-java', 'reactivex']",acl
27820928,zoo keeper client zoo keeper host port root node null acl acl acl perms create id digest user pass client create test node string test get bytes arrays list acl create mode persistent client close zoo keeper client zoo keeper host port root node null client add auth info digest string user pass get bytes stat stat stat client exists test node false stat null client create test node client test string clienttest get bytes ids open acl unsafe create mode ephemeral keeper exception print stack trace client close,code_block,"['java', 'authentication', 'apache-zookeeper', 'digest-authentication']",acl
25551100,images service images service images service factory get images service image new image images service apply transform crop old image gcs service gcs service gcs service factory create gcs service retry params get default instance app identity service appservice com google appengine api appidentity get app identity service gcs filename file name gcs filename appservice get default gcs bucket name long string random next long new image get format string lower case gcs file options gcs options gcs file options builder mime type image new image get format string lower case acl read build gcs output channel output channel gcs service create or replace file name gcs options object output stream oout object output stream channels new output stream output channel oout write object new image get image data oout close serving url options suo serving url options builder gs file name get bucket name file name get object name secure url true string images service get serving url suo system println,code_block,"['java', 'google-app-engine', 'google-cloud-storage']",acl
42749778,main string args exception setting code google credential credential google credential stream credentials stream http transport json factory credential credential create scoped storage scopes storage storage storage builder http transport json factory credential set application name monkeyduck build storage objects get get request1 storage objects get bucket name sounds arabic test22 1000meters mp3 storage object object1 get request1 execute system println object1 list object access control acl list array list object access control acl object access control set role public reader set project team object access control project team set team viewers object access control acl object access control set role reader set entity users system println acl acl list add acl object1 set acl acl list storage objects insert insert request storage objects insert bucket name object1 insert request get media http uploader set direct upload enabled true insert request execute,function,"['java', 'google-cloud-storage', 'gcp']",acl
7195116,mutable acl acl mutable acl service create acl object identity impl entity acl set owner system principal sid acl insert ace permission grant to sid true mutable acl service update acl acl,code_block,"['java', 'spring-security', 'acl']",acl
51325647,component app bootstrap authority admin auth user admin time sheet time sheet admin jdbc mutable acl service jdbc mutable acl service transaction manager autowired app bootstrap jdbc mutable acl service jdbc mutable acl service transaction manager jdbc mutable acl service jdbc mutable acl service transaction manager transaction manager bean command line runner initial authorities authority repository authority repository args admin auth authority role admin authority repository save admin auth bean command line runner initial users user repository user repository args admin user admin bcrypt 2a vxd5doi admin admin admin example com true get date january admin set authorities list admin auth user repository save admin bean command line runner initial time sheets time sheet repository time sheet repository args time sheet admin time sheet local date march admin time sheet repository save time sheet user bean command line runner initial rights args grant permission admin time sheet admin administration mutable acl grant permission user user time sheet time sheet permission transaction template transaction template transaction template transaction manager security context security context security context holder get context var authorities user get authorities stream map auth auth get name string collect list authentication authentication user get username user get pass authority utils create authority list authorities array string security context set authentication authentication object identity oi time sheet object identity impl time sheet time sheet get id sid sid admin principal sid user get username mutable acl acl acl mutable acl jdbc mutable acl service read acl by id oi time sheet not found exception nfe acl transaction template execute status jdbc mutable acl service create acl oi time sheet acl insert ace acl get entries size sid admin true updating permission mutable acl final acl acl transaction template execute status jdbc mutable acl service update acl final acl,class,"['java', 'spring', 'spring-boot', 'spring-security', 'spring-security-acl']",acl
54859029,autowired jdbc mutable acl service acl service create acl acl dto acl dto class not found exception object identity oi object identity impl get class get class loader load class acl dto get class path acl dto get object identity id sid sid principal sid acl dto get sid permission get permission acl dto get permission desc create update relevant acl mutable acl acl null acl mutable acl acl service read acl by id oi not found exception nfe acl acl service create acl oi now grant permissions via access control entry ace acl insert ace acl get entries size sid true acl service update acl acl,code_block,"['java', 'spring', 'jdbc', 'spring-security', 'acl']",acl
46348295,upload directory to amazon string directory string bucket name string s3directory key result false logger info uploading directory s3 basic awscredentials credentials basic awscredentials access key secret access key credentials amazon s3 s3client amazon s3client builder standard credentials region amazon s3region build put object result put object result s3client put object put object request http docs aws amazon com awsjava sdk latest javadoc com amazonaws services s3 transfer transfer manager html transfer manager transfer manager transfer manager builder standard s3client s3client build object metadata provider object tagging provider object metadata provider provide object metadata file file object metadata metadata boolean utils true public metadata set header headers s3 canned acl canned access control list public read file dir to upload file directory multiple file upload upload directory result transfer manager upload directory bucket name s3directory key dir to upload false object metadata provider call method log progress log progress upload directory result result true transfer manager shutdown now amazon service exception ase logger error caught amazon service exception means request made amazon s3 rejected error response reason logger error error message ase get message logger error http status code ase get status code logger error aws error code ase get error code logger error error type ase get error type logger error request id ase get request id amazon client exception ace logger error caught amazon client exception means client encountered internal error trying communicate s3 able access network logger error error message ace get message result,function,"['java', 'amazon-web-services', 'amazon-s3', 'amazon']",acl
50274364,fxml add action event event unirest exception title acl get text empty alert alert alert alert alert type error alert init modality modality window modal alert init owner node event get source get scene get window alert set content text veuillez remplir le champ alert show and wait title acl request focus string title title acl get text predicate jfxcheck box selected checkboxes checkbox checkbox selected list jfxcheck box selected check boxes list observable check boxes values stream filter selected checkboxes collect collectors list list string roles array list selected check boxes list stream each checkbox roles add checkbox get text http response string string unirest post acl url header accept application json field acl title title field roles roles string system println string get status system println string get headers values string get status,function,"['java', 'spring', 'rest', 'http', 'unirest']",acl
17027662,string json request string rpcservlet utils read content request json content type json charset my request factory servlet request factory servlet override post http servlet request request http servlet response response ioexception servlet exception http session session get thread local request get session user user user session get attribute user check rights user allow methods post request response,code_block,"['java', 'jakarta-ee', 'gwt', 'httprequest', 'requestfactory']",acl
35291046,gcs file options options gcs file options builder mime type application pdf acl read build gcs output channel write channel gcs service create or replace filename options servlet file upload upload gcs servlet file upload bytes byte streams byte array stream write channel write byte buffer wrap bytes write channel close stream close exception print stack trace,code_block,"['java', 'google-app-engine', 'google-cloud-storage']",acl
18373492,field field aces field utils get field acl impl aces field aces set accessible true field aces set acl aces illegal access exception illegal state exception could set acl impl entries,code_block,"['java', 'reflection']",acl
53122602,not null post authorize permission return object read long override optional dbo type find by id not null long long not null post authorize permission return object read return object id override optional dbo type find by id not null long long,function,"['java', 'spring-boot', 'spring-security', 'acl']",acl
25163174,acl file attribute view view files get file attribute view path acl file attribute view system println view get acl,code_block,"['java', 'windows', 'permissions', 'directory', 'acl']",acl
54415401,upload file string file name string file bucket ioexception gcs service gcs service gcs service factory create gcs service retry params builder initial retry delay millis retry max attempts total retry period millis build gcs service create or replace gcs filename file bucket file name gcs file options builder mime type application xml acl read cache control max age build,function,"['java', 'google-app-engine', 'google-cloud-platform', 'google-cloud-storage']",acl
21793308,dfagent description temp dfagent description dfagent description result dfservice search temp search constraints sc search constraints dfagent description result dfservice search temp sc aclmessage acl aclmessage aclmessage request system println agents result length result get name get local name equals ignore case r1 acl add receiver result get name system print result get name get local name acl set content hello send acl system println message sent fipaexception system println error,code_block,"['java', 'agent', 'agents-jade']",acl
40499653,change group permission string acl fme idf acl acl idf acl session new object dm acl acl set string object name acl acl revoke grp corp lgl sateri hk execute proc acl save exception system println get localized message,function,"['java', 'acl', 'documentum', 'dfc']",acl
37163124,file upload service multipart post call file upload upload part map linked hash map string string params part multipart body part file get image byte buffer buffer image get planes get buffer bytes buffer remaining buffer get bytes request body request file request body create media type parse multipart form data bytes multipart body part body multipart body part create form data file filename jpg request file get parameters upload url request linked hash map string string params response body get fields upload service upload params body enqueue callback file upload override response call file upload call response file upload response do stuff override failure call file upload call throwable do stuff,code_block,"['java', 'android', 'amazon-s3', 'retrofit2']",acl
40209085,string cmd parm add allow principals user ctadmin operation all topic topic name authorizer properties zookeeper connect localhost acl command main cmd parm,code_block,"['java', 'apache-kafka', 'acl']",acl
41872192,configuration component scan base packages com company pre post enabled true secured enabled true aclconfigration autowired data source data source bean eh cache based acl cache acl cache eh cache based acl cache acl eh cache factory bean get object acl authorization strategy bean eh cache factory bean acl eh cache factory bean eh cache factory bean eh cache factory bean eh cache factory bean eh cache factory bean set cache manager acl cache manager get object eh cache factory bean set cache name acl cache eh cache factory bean bean acl cache manager bean console audit logger console audit logger console audit logger console audit logger bean acl authorization strategy acl authorization strategy simple granted authority role acl admin bean lookup strategy lookup strategy basic lookup strategy data source acl cache acl authorization strategy console audit logger bean jdbc mutable acl service acl service jdbc mutable acl service data source lookup strategy acl cache bean override create expression handler expression handler expression handler set permission evaluator acl permission evaluator acl service expression handler acl service expression handler configuration enable web security bean authentication entry point entry point authenticate override configure http security http exception http csrf disable authorize requests ant matchers authenticate permit all request fully authenticated request cache request cache null request cache add filter before authentication filter override configure web security web exception web ignoring ant matchers http method options bean authentication filter exception authentication filter authentication filter set username parameter username authentication filter set password parameter password authentication filter set filter processes url authenticate authentication filter authentication filter authentication filter set authentication manager authentication filter bean password encoder password encoder bcrypt password encoder component authentication provider autowired users service users service override authentication authenticate authentication authentication authentication exception string username authentication get name string password authentication get credentials string user user users service find one username user null users service compare password user password user get username user get password authority utils user get user roles stream collect collectors joining null override supports class authentication authentication equals override authentication attempt authentication http servlet request request http servlet response response authentication exception request get method equals post string format authentication method supported request get method form object mapper read value request get reader string username form get username string password form get password username null username password null password token username password set details request token get authentication manager authenticate token ioexception exception exception runtime exception throwable throwable throwable request mapping method request method get post filter permission filter object read list user find min request param value limit required false default value integer limit min request param value page required false default value integer page request param value email required false string email request param value first name required false string first name request param value last name required false string last name request param value user role required false string user role users service find limit page email first name last name user role,code_block,"['java', 'spring', 'spring-boot', 'spring-security', 'acl']",acl
10100193,awscredentials credentials basic awscredentials access key secret key client amazon s3client credentials request bucket name myfilename http method put request set expiration date system current time millis client generate presigned url request string,code_block,"['java', 'curl', 'amazon-s3']",acl
52981752,storage storage null file input stream credentials stream file input stream jsonfile credentials credentials google credentials stream credentials stream storage storage options new builder set credentials credentials build get service ioexception print stack trace acl acl object acl user all users role owner list acl acl access array list acl access add acl object bucket name user name strings blob id blob id blob id bucket name user name team logo blob info blob info blob info new builder blob id set acl acl access set content type image jpeg build blob blob storage create blob info http method http method http method put service account signer signer new builder set client id client id set client email client email set private key privatekey set private key id private key id build url url blob sign url time unit minutes storage sign url option http method http method storage sign url option sign with signer storage sign url option content type url var signed url function upload file var urlxhr xmlhttp request to get signed url server side urlxhr open get http localhost getsignedurl urlxhr send urlxhr onreadystatechange function urlxhr ready state urlxhr status signed url urlxhr response text var file document get element by id file files var form data form data form data append image file file var storage xhr xmlhttp request storage xhr open put signed url true storage xhr onload storage xhr status alert file successfully uploaded alert something went wrong storage xhr onerror alert an error occured uploading file storage xhr set request header content type file type storage xhr send form data,code_block,"['java', 'google-app-engine', 'google-cloud-platform', 'google-cloud-storage']",acl
49908153,acl provisioner set variables properties props properties class loader classloader thread current thread get context class loader string mid null string topic null main string args props put admin client config bootstrap servers config kafkabroker mydomain com props put security protocol sasl ssl props put ssl truststore location temp mydomain root jks props put ssl truststore password truststore password props put sasl mechanism gssapi props put sasl kerberos service name kafka admin username admin client admin client admin client create props generate acls acl binding new topic read acl acl binding resource resource type topic test topic access control entry my testid acl operation read acl permission type allow acl binding new topic describe acl acl binding resource resource type topic test topic access control entry my testid acl operation describe acl permission type allow acl binding new group read acl acl binding resource resource type group test group access control entry my testid acl operation read acl permission type allow collection acl binding acl list arrays list new topic read acl new topic describe acl new group read acl admin client create acls acl list create topic num partitions replicas factor new topic new topic new topic demo java admin client test num partitions replicas factor map string string config map hash map config map put topic config cleanup policy config topic config cleanup policy compact config map put topic config compression type config gzip new topic configs config map list new topic topics arrays list new topic admin client create topics topics,invalid,"['java', 'intellij-idea', 'apache-kafka']",acl
38396649,configuration property source config properties component scan app config application context aware application context app context autowired environment env override set application context application context application context beans exception app context application context bean redisson client get redisson code ommited returning redisson connection configuration component scan pacakge pre post enabled true security config bean acl engine get acl engine acl engine autowired redisson client redisson bean scope value request user get current user code ommited retrieving user redisson returning autowired configure global auth exception auth authentication provider authenticator bean authentication provider authenticator bean set allow session creation false bean override access decision manager access decision manager affirmative based ab affirmative based access decision manager list access decision voter object advs ab get decision voters expression advice list access decision voter object be removed array list access decision voter object adv advs adv be removed add adv access decision voter object adv be removed advs remove adv advs add expression advice ab class cast exception ex array list decision voters array list expression advice decision voters add expression advice affirmative based decision voters authentication provider override authentication authenticate authentication authentication authentication exception null override supports class authentication assignable from authentication session initializer session initializer security config autowired user current user autowired acl engine acl engine override authentication authentication method invocation method invocation pre invocation attribute pre invocation attribute where want access current user acl engine null trace code point without exception thrown,class,"['java', 'spring', 'javabeans']",acl
51995734,pointcut execution org springframework data repository save default repo save may useful overridden methods pointcut execution com xxx yyy repository save custom repo save pointcut default repo save custom repo save repo save around value repo save args entity arg names entity object around save proceeding join point pjp object entity throwable log info saving pjp proceed retention runtime target method acl managed override acl managed entity1 save entity1 entity around annotation acl managed object acl managed proceeding join point join point acl managed acl managed throwable log info acl managed join point proceed repository rest resource collection resource rel entity1s path entity1s entity1repository entity1 long method supposed fire two distinct advices override acl managed entity1 save entity1 entity repository rest resource collection resource rel entity2s path entity2s entity2repository entity2 long aspects match perfectly override acl managed entity2 save entity2 ics,function,"['java', 'spring', 'spring-data-jpa', 'spring-aop', 'spring-data-rest']",acl
52013445,request mapping value admin api get order method request method get response entity get all orders request header authorization string bearer token list order model order order service get all orders response entity order http status ok hibernate exception response entity get message http status bad request override filter servlet request req servlet response res filter chain chain ioexception servlet exception http servlet response response http servlet response res http servlet request request http servlet request req response set header access control allow origin response set header access control allow credentials true response set header access control allow methods acl cancelupload checkin checkout copy delete get head lock mkcalendar mkcol move options post propfind proppatch put report search uncheckout unlock update version control response set header access control max age response set header access control allow headers pingother content type requested with accept origin access control request method access control request headers authorization key options equals ignore case request get method response set status http servlet response sc ok chain filter req res,function,"['java', 'spring-mvc', 'spring-security', 'oauth-2.0', 'angular5']",acl
58700035,user principal authenticated users path get file system lookup principal by name authenticated users acl file attribute view view files get file attribute view path acl file attribute view create acl give authenticated users modify access acl entry entry acl entry new builder set type acl entry type allow set principal authenticated users set permissions delete delete child list directory read data read attributes add file write data write attributes build list acl entry acl view get acl acl add entry insert deny entries view set acl acl,code_block,"['java', 'windows', 'file', 'permissions', 'acl']",acl
29943828,policy entity id generated value strategy generation type sequence column name policy id policy id column name policy name string policy name many to many cascade cascade type persist join table name policy acl join columns join column name policy id inverse join columns join column name acl id list acl entity acl list array list acl entity acl entity id generated value strategy generation type sequence column name acl id acl id column name acl name string acl name many to many mapped by acl list list policy entity policy list array list policy entity main string args policy entity policy entity policy entity acl entity acl entity acl entity policy entity set policy id policy entity set policy name policy acl entity set acl id acl entity set acl name acl policy entity get acl list add acl entity configuration configuration configuration configure builder apply settings configuration get properties session factory session factory configuration build session factory builder build session session session factory open session session begin transaction session save policy entity session get transaction commit session close,code_block,"['java', 'hibernate', 'many-to-many', 'hibernate-cascade']",acl
20385523,url url url link urlconnection connection url open connection connection set connect timeout connection set read timeout input stream input connection get input stream gcs file options options gcs file options builder acl read build gcs output channel file channel gcs service create or replace gcs filename ivrfiles property id string address mp3 options object output stream oout object output stream channels new output stream file channel buffer input read buffer oout write buffer oout close,code_block,"['java', 'google-app-engine', 'google-cloud-storage']",acl
5953197,acl permission id column name id nullable false generated value generator system uuid generic generator name system uuid strategy uuid string id column name target nullable false length string target column name action nullable false length string action column name recipient nullable false length string recipient getters setters go,class,"['java', 'hibernate', 'unit-testing', 'validation', 'mocking']",acl
31847534,file file new file file file set readable true false file set writable true false file set executable true false path folder paths get jboss data dir acl file attribute view folder attributes files get file attribute view folder acl file attribute view acl file attribute view file attributes files get file attribute view new file acl file attribute view file attributes set acl folder attributes get acl,code_block,"['java', 'wildfly-8', 'file-access']",acl
54316766,bean acl cache acl cache cache cache acl authorization strategy acl authorization strategy spring cache based acl cache cache acl authorization strategy bean lookup strategy lookup strategy data source data source acl cache acl cache acl authorization strategy acl authorization strategy basic lookup strategy data source acl cache acl authorization strategy bean jdbc mutable acl service jdbc mutable acl service data source data source lookup strategy lookup strategy acl cache acl cache jdbc mutable acl service data source lookup strategy acl cache configuration enable caching cache configuration bean cache manager cache manager jcache cache manager caching get caching provider get cache manager bean cache cache cache manager cache manager jcache manager customizer cache manager customizer cache cache cache manager get cache acl cache cache bean jcache manager customizer cache manager customizer jcache manager customizer override customize javax cache cache manager cache manager org ehcache config cache configuration object object config object object resource pools builder new resource pools builder heap entry unit entries expiry expiry policy no expiry build cache manager create cache acl cache eh107configuration config,function,"['java', 'spring', 'spring-cache', 'ehcache-3']",acl
13069303,principal principal principal manager find principals designer string principal manager search type group next principal group role to assign group user manager get authorizable principal user user manager create user login password role to assign add member user,code_block,"['java', 'jackrabbit', 'jcr']",acl
21163223,acl rule rule acl rule scope scope scope scope set type user scope set value user1 mydomain com rule set scope scope rule set role reader acl rule rule acl rule scope scope scope scope set type group scope set value group1 mydomain com rule set scope scope rule set role reader,code_block,"['java', 'api', 'google-calendar-api', 'acl', 'google-groups']",acl
17538878,my service pre authorize permission object to protect write stuff object to protect user identity user my service impl my service my object override stuff my object object to protect user identity user identity do stuff this authenticated user write permissions,class,"['java', 'spring', 'generics', 'spring-security', 'acl']",acl
33662486,string object id parse exception get design parse query parse object query parse query get query design parse object design query get object id check see current design acl public read if state design get acl equals public read true false,function,"['java', 'android', 'parse-platform', 'acl']",acl
39334301,user principal windows user file systems get default lookup principal by name name,code_block,"['java', 'windows', 'spring', 'security']",acl
16715700,attribute mod0 basic attribute attribute aaa mods modification item dir context replace attribute mod0 auth context modify attributes correct dn mods attribute acl basic attribute attribute asdf auth context modify entry dn ldapmodification ldapmodification add acl,code_block,"['java', 'network-programming', 'ldap']",acl
8165584,full text entity manager full text entity manager search get full text entity manager entity manager query builder query builder full text entity manager get search factory build query builder entity document get query query query builder keyword fields field names array string matching search query create query full text query full text query full text entity manager create full text query query document full text query set first result pageable get first item full text query set max results pageable get page size,code_block,"['java', 'hibernate', 'lucene', 'acl', 'hibernate-search']",acl
39502941,string builder new acl string builder new acl append selected item get name new acl append selected item get id new acl append acl idf acl acl idf acl session new object dm acl acl set object name new acl string acl set description new acl string acl save idf permit permit df permit permit set accessor name new acl string permit set permit type idf permit df access permit permit set permit value idf acl df xpermit change folder links str permit set permit value idf acl df permit read str acl grant permit permit acl save,code_block,"['java', 'acl', 'documentum', 'dfc']",acl
14355683,object identity oi object identity impl domain object mutable acl acl acl service create acl oi acl set owner principal sid system principal sid parent object null acl parent acl service read acl by id object identity impl parent object acl set parent parent acl service update acl acl override mutable acl update acl mutable acl acl not found exception acl get entries size update acl acl assert null acl get id object identity provide identifier change mutable columns acl object identity update object identity acl retrieve acl via superclass ensures cache registration proper retrieval etc mutable acl read acl by id acl get object identity,code_block,"['java', 'spring', 'spring-security', 'hsqldb']",acl
21524402,string name test acl entry permission aeps acl entry permission acl entry permission read data acl entry permission read attributes acl entry permission read named attrs acl entry permission read acl acl entry permission synchronize path file systems get default get path file share folder1 get path acl file attribute view view files get file attribute view acl file attribute view set acl entry permission set enum set none of acl entry permission acl entry permission acp aeps set add acp acl entry builder acl entry new builder set type acl entry type allow set permissions set set principal file systems get default lookup principal by name name set flags acl entry flag acl entry flag file inherit acl entry flag directory inherit list acl entry acl view get acl acl add build view set acl acl,code_block,"['java', 'file-permissions']",acl
34057104,configuration pre post enabled true secured enabled true web security acl autowired data source data source bean eh cache based acl cache acl cache eh cache factory bean factory bean eh cache factory bean cache manager factory bean set cache name acl cache factory bean set cache manager cache manager get object factory bean properties set eh cache based acl cache factory bean get object acl authorization strategy bean acl authorization strategy acl authorization strategy simple granted authority role acl admin bean console audit logger bean lookup strategy lookup strategy basic lookup strategy data source acl cache acl authorization strategy bean jdbc mutable acl service acl service jdbc mutable acl service service jdbc mutable acl service data source lookup strategy acl cache service set class identity query select currval pg get serial sequence acl id service set sid identity query select currval pg get serial sequence acl sid id service bean permission evaluator permission evaluator acl permission evaluator acl service bean acl service override create expression handler expression handler expression handler set permission evaluator permission evaluator expression handler expression handler permission evaluator permission evaluator acl permission evaluator null,code_block,"['java', 'spring', 'spring-security']",acl
18214346,input stream input stream item get input stream list file item items memory file item factory factory memory file item factory restlet file upload restlet file upload restlet file upload factory items restlet file upload parse request req items restlet file upload parse representation entity file item item items item form field media type type media type value of item get content type gcs file options options gcs file options builder mime type type get name acl read build gcs output channel output channel gcs service create or replace file name options object output stream oout object output stream channels new output stream output channel input stream input stream item get input stream copy input stream oout oout close file upload exception e1 todo auto generated block e1 print stack trace ioexception todo auto generated block print stack trace copy input stream input output stream output ioexception buffer buffer size bytes read input read buffer bytes read output write buffer bytes read bytes read input read buffer input close output close gcs service gcs service gcs service factory create gcs service retry params builder initial retry delay millis retry max attempts total retry period millis build,code_block,"['java', 'image', 'google-app-engine', 'rest', 'google-cloud-storage']",acl
43014225,awscredentials credentials basic awscredentials access key secret key client configuration client config client configuration client config set protocol protocol http basic awscredentials creds basic awscredentials access key secret key amazon s3 s3client amazon s3client credentials client config region region region get region regions eu west s3client set region region s3client set endpoint server ceph bucket bucket s3client create bucket bucket name file file file file name test access control list acl access control list acl grant permission group grantee all users permission full control s3client put object put object request bucket name key object file access control list acl s3client set object acl bucket get name key object canned access control list private generate url system println generating pre signed url java util date expiration java util date milli seconds expiration get time milli seconds add hour expiration set time milli seconds bucket name key object set method http method get set expiration expiration set content type image png url url s3client generate presigned url system println pre signed url url string,code_block,"['java', 'amazon-s3']",acl
11625954,hashtable string string hash table hashtable string string hash table put context initial context factory com ibm websphere naming wsn initial context factory hash table put context provider url corbaloc iiop localhost context initial context initial context initial context hash table home initial context lookup java comp env ejb create acl service lookup ejblocal ejb create acl service local create acl service local service home create dmsacl service create acl role dmsacl edms document id naming exception ne logger log level warning naming exception occured ne gemexception failed create acl naming exception occured create exception ce logger log level warning create exception occured ce gemexception failed create acl bsc service exception logger log level warning bsc service exception occured gemexception failed create acl,code_block,"['java', 'jakarta-ee', 'ejb', 'jndi', 'ejb-2.x']",acl
17427931,gcs service gcs service gcs service factory create gcs service retry params builder initial retry delay millis retry max attempts total retry period millis build gcs filename filename gcs filename bucketname filename gcs file options options gcs file options builder mime type text html acl read build gcs output channel write channel gcs service create or replace filename options print writer print writer channels new writer write channel utf8 println the woods lovely dark deep println but promises keep flush write channel wait for outstanding writes write channel write byte buffer wrap and miles go sleep get bytes write channel close,code_block,"['java', 'google-app-engine', 'google-cloud-storage']",acl
33826266,jade core aid jade core agent jade core behaviours behaviour jade lang acl aclmessage jade lang acl message template java io file java io file input stream java io ioexception author administrator agent setup send message add behaviour my behaviour send message aid aid aid islocalname aclmessage acl aclmessage aclmessage request acl add receiver acl set content hello name sender send acl string file name txt get file name file content txt read file content aclmessage msg aclmessage aclmessage inform msg add receiver msg set byte sequence content file content msg add user defined parameter file name file name send msg my behaviour behaviour message template mt message template match performative aclmessage inform finish my behaviour this override action aclmessage acl agent receive mt acl null system println agent get local name received reply acl get content acl get sender finish block override done finish sendmessage jade core agent jade core behaviours behaviour jade lang acl aclmessage jade lang acl message template java io file author administrator agent setup add behaviour my behaviour my behaviour behaviour message template mt message template match performative aclmessage request my behaviour this override action aclmessage acl agent receive mt acl null system println agent get local name received message acl get content aclmessage rep acl create reply rep set performative aclmessage inform rep set content ok received message agent send rep aclmessage msg receive yes received file msg null string file name msg get user defined parameter txt file txt create file called file name file content msg get byte sequence content write file content block override done false,invalid,"['java', 'agent', 'agents-jade']",acl
49656971,configuration enable auto configuration pre post enabled true secured enabled true acl method security config autowired data source data source autowired set data source data source data source data source data source override create expression handler bean expression handler acl permission evaluator permission evaluator acl permission evaluator acl service expression handler set permission evaluator permission evaluator expression handler bean jdbc mutable acl service acl service jdbc mutable acl service data source lookup strategy acl cache bean acl authorization strategy acl authorization strategy simple granted authority role admin bean console audit logger bean eh cache based acl cache acl cache eh cache based acl cache acl eh cache factory bean get object acl authorization strategy bean eh cache factory bean acl eh cache factory bean eh cache factory bean eh cache factory bean eh cache factory bean eh cache factory bean set cache manager acl cache manager get object eh cache factory bean set cache name acl cache eh cache factory bean bean acl cache manager bean lookup strategy lookup strategy basic lookup strategy data source acl cache acl authorization strategy console audit logger,class,"['java', 'spring-security', 'acl']",acl
55232765,ex7 sorted list string the list sorted string the list sorted system print the list system print list length system print integers list length system print list list length list list main string args system println sorted system println sorted system println sorted,class,['java'],unrelated
23958814,functional interface interface action execute,class,"['java', 'function', 'java-8']",unrelated
2818330,hello string name,class,['java'],unrelated
17696881,java io class count main string args set for sum read txt set for sum string filename param2 try file input stream fstream file input stream filename buffered reader br buffered reader input stream reader fstream string str line sum startline system println param2 is str line br read line null startline line integer parse int str line sum sum line system println sum sum sum param2 system println line number system println start line number startline end line number sum close exception system err println error get message,class,['java'],unrelated
44879645,main string args scanner scanner system string days sunday monday tuesday wednesday thursday friday saturday month next int day next int year next int calendar calendar get instance set calendar year year set calendar month month set calendar day of month day day week get calendar day of week system println days day week,function,['java'],unrelated
516771,pkg types public enum my enum type type1 type2,class,"['java', 'spring']",unrelated
26416378,java text public test main string args string 123456d number format nf number format get instance nf set maximum fraction digits system println nf format system println nf parse exception system println got exc,class,['java'],unrelated
6960512,temperature private value private string scale public temperature constructor value scale public temperature value string scale value value scale scale public get value value string get scale scale get celsius scale equals ignore case value scale equals ignore case faren value faren else kelvin value kelvin end get celcius get faren scale equals ignore case value scale equals ignore case celsius value celsius else kelvin value kelvin ene get faren get kelvin scale equals ignore case value scale equals ignore case celsius value celsius else faren value faren end get kelvin set temperature temperature value value set type degree string measure value degree scale measure set value degree value degree set scale string measure scale measure convert to celsius scale value get celsius convert to faren scale value get faren convert to kelvin scale value get kelvin temperature clone temperature value scale equals value value scale scale string string string temps the temperature value scale temps,class,['java'],unrelated
43493566,list object get list list object list array list object criteria list add list,function,['java'],unrelated
10291128,read file system println starting array string myarray myarray string system println myarray myarray url get class get resource classifyinginfo txt system println url url readbuffer buffered reader file reader url get path line1 readbuffer read line line1 readbuffer read line line1 readbuffer read line line1 readbuffer read line string splitarray line1 split firstentry splitarray myarray splitarray myarray splitarray myarray splitarray myarray splitarray myarray splitarray line2 readbuffer etc arrays sort myarray myarray length system println myarray text area append myarray system println arrays string myarray text area set text arrays string myarray readbuffer close ioexception system println error system println line line1,function,['java'],unrelated
6826994,list object get list linked list object void foo object get list something,function,['java'],unrelated
5854087,foo class beta foo public main beta main string args beta beta foo main,class,['java'],unrelated
7994921,java util scanner public asterix main string args scanner input scanner system stars length side column width box row prompt user enter length width box system print enter length stars input next int system print enter width column input next int row stars column many columns rows column stars row system print row stars system print column system print column stars system print else system print column end inner loop system println row end output end main end stars,class,['java'],unrelated
36088348,emp public employee display system println debarred emply class debarred employee display system println debarred emply,class,['java'],unrelated
29868921,employee author ljferris employee string first instance variable first name string last instance variable last name salary instance variable monthly salary constructor initializes first parameter first name intializes last parameter last name employee string first name string last name first first name last last name constructor initializes salary parameter monthly salary employee monthly salary salary monthly salary method set first last name set name string first name string last name first first name last last name method set monthly salary set salary monthly salary salary monthly salary salary salary monthly salary method retrive first last name string get name first last method retrive monthly salary get salary salary end employee,class,['java'],unrelated
34434001,request mapping method request method post string borrow book request param value borrower id required false long borrower id request param value book id required false long book id borrower id null book id null borrow service create borrow book id borrower id redirect index html,function,['java'],unrelated
9828596,list normalizer list data list normalizer list array list current data data integer modified data current data normalizer list add modified data normalizer list private work list normalizer list todo auto generated method stub norm data size integer current norm data normalizer list get,function,['java'],unrelated
12768952,equals coordinate getx coordinate gety coordinate,function,['java'],unrelated
16649161,irish lottery scanner input scanner system cost system println how many lines lottery would like linesam input next int array list integer numbers array list integer define array list hold integer objects lottonos lottonos lottonos numbers add lottonos collections shuffle numbers system print your lottery numbers lncounter lncounter linesam lncounter system println numbers get,function,['java'],unrelated
55529660,java util scanner public player accept name system println please enter playrname scanner scanner scanner system string player name scanner next line player name length player name length system println name length please enter playername player name scanner next line,class,['java'],unrelated
38939030,java util scanner import java awt toolkit public sports main string args create scanner object scanner input scanner system create tolkit object toolkit tk toolkit get default toolkit players team system println spor team calculator system println system println enter total number players players input next int system println enter number players per team least per team players input next int players players tk beep system println invalid number players per team please enter system println enter number players per team least per team players input next int players players team system println there players teams players players left system println thank using spor software,class,['java'],unrelated
30992084,method1 method2 implicitly passed actual code looks like method2 method2,class,['java'],unrelated
30604538,com company import java util scanner public main main string args scanner red scanner system arr arr arr length system println enter number arr red next int system println arr,class,['java'],unrelated
2549766,sandbox import java io file import java io file input stream import java io file output stream import java io ioexception import java util zip zip entry import java util zip zip output stream author yan cheng cheok public main param args command line arguments main string args these files include zip file string filenames string my directory file separator my file txt create buffer reading files buf create zip file string filename outfile zip zip output stream zip output stream file output stream filename compress files filenames length file input stream file input stream filenames add zip entry output stream put next entry zip entry filenames transfer bytes file zip file len len read buf write buf len complete entry close entry close complete zip file close ioexception print stack trace,class,['java'],unrelated
47813874,edu cmu sphinx api configuration import edu cmu sphinx api speech result import edu cmu sphinx api stream speech recognizer,class,['java'],unrelated
35935411,parent string name parent default parent parent parent parent fill field values parent name name parent public child parent,class,['java'],unrelated
39226065,java math big integer import java util scanner public test public main string args scanner scanner system system println please input lottery sum num next int system println please input available sum avail next int sum big integer sum big integer one avail sum sum num sum sum multiply big integer value of num divide big integer value of sum sum num avail sum sum multiply big integer value of num divide big integer value of avail system println sum close,class,['java'],unrelated
50115149,dog age string name string breed dog string name age string breed name name age age breed breed dog string name age name age greed main string args dog high dog luffy pomerian dog low dog gold german shepherd system println low name low age low breed system println high name high age high breed,class,['java'],unrelated
33092843,java util scanner public odd even zero public main string args int even int odd int zero int place in value scanner scan scanner system system println enter value string value entered scan next line place in value place in value value entered length place in value value value entered char at place in value number used in loop integer parse int character string value number used in loop zero number used in loop even number used in loop number used in loop odd system println number zeroes number zero system println number evens number even system println number odds number odd,class,['java'],unrelated
8875707,javax swing jpanel public board jpanel board main string args,class,['java'],unrelated
42910088,bank account next acc balance balance account number customer owner account type type bank account balance customer owner account type type balance balance owner owner type type deposit amount withdraw amount month end,class,['java'],unrelated
53438244,encoder iencoder encode string input file name string output file path ioexception file file file input file name load characters character array chars random access file rand file random access file output file path rw array list character list array list character string scan input file save string scanner scan scanner file scan next line scan next line scan close file not found exception system println there issue file save data input file array list length list add char at write character binary file along random integer followed random characters list size thread local random current next int rand file write char list get rand file write int thread local random current next int rand file write char chars rand file write char list get list size rand file write int rand file close,class,['java'],unrelated
31172917,test pack model public person enum field name aliases date of birth date of death enum map field optional instant last update time name name array list string aliases optional local date date of birth optional local date date of death enum map field optional instant get update times return copy avoid external changes person enum map field optional instant last update time,class,['java'],unrelated
19339088,errors public test errors main string args system println hello,class,['java'],unrelated
45782887,mainmethod public main string args todo auto generated method stub human h1 human human h2 human human current human system println h1 get health human current h1 error current decrease health human h1 current error system println h1 h1 get health health,class,['java'],unrelated
3498994,net foo server import import ay import bi import bj import bl import ck import cw import da import dp import ds import dt import dw import ep import fa import fd import fi import fl import ge import ho import ht import java awt graphics environment import java io file import java io ioexception import java io print stream import java net inet address import java util array list import java util collections import java util hash map import java util iterator import java util set import java util logging level import java util logging logger,class,['java'],unrelated
20849464,java io file import java io file filter import java io file input stream import java io file output stream import java io input stream import java io output stream public copy files from type main file source path file dest path copy files from type copy tif source path string dest path string file type or folder filter filter null copy string file type string path string output path filter file type or folder filter file type file current folder file path file output folder file output path scan folder file type current folder output folder scan folder string file type file current folder file output folder system println scanning folder current folder file files current folder list files filter file file files file directory scan folder file type file output folder copy file output folder copy file file file output folder system println copying file folder output folder input stream input file input stream file output stream file output stream file output folder file separator file get name data input available input read data write data flush close input close exception runtime exception file type or folder filter file filter string file type file type or folder filter string file type file type file type accept file pathname pathname get name ends with file type pathname directory,class,['java'],unrelated
57132160,import java util class fiba main string args v1 v2 scanner gump scanner system system print enter term term gump next int result result1 v3 system print v1 v2 term v2 result v1 v2 result1 result v2 v1 result v2 result1 v2 term system print v1 v2,class,['java'],unrelated
37833775,main string args scanner sc scanner system system println provide number number1 sc next int system println provide number want find number1 number2 sc next int counter digit number2 digit digit number1 number1 number2 counter number1 number1 number1 number1 number2 counter number1 number1 system println counter,function,['java'],unrelated
9255242,the recognizer provides recognizer language let sigma input character set let ab union language set legal strings recognized recognizer let s1s2 sn string characters already input recognizer recognizer constructor must ensure interface recognizer require sigma ensure param public next char checks input string language public in ensure public reset,class,['java'],unrelated
35800872,java util scanner public test main string args scanner user input scanner system system println enter number user input next int number entered user input next int system println you entered integer system println enter integer,class,['java'],unrelated
31940331,suppress warnings resource public nk string username sniper username string email sniper email string password sniper pass system println sniping web client web web client html page page1 web get page https account mojang com login html form login form page1 get forms login form get input by name log null list html input login button login form get inputs by value log html text input email enter login form get input by name mail email enter set value attribute email html text input passbutton login form get input by name password passbutton set value attribute password html page page2 login button get click system println page2 change username1 page2 get anchor by text change click username password exception print stack trace sniped true suppress warnings resource unused change username1 page page1 string username string password web client web web client html page page web get page page1 get url html form form page get forms form get inputs by value change name null list html input button form get inputs by value change name html text input text field form get input by name new profile name text field set value attribute username html text input text field1 form get input by name password text field1 set value attribute password html page page2 button get click form get button by name yes click ioexception print stack trace sniped true sniped true,function,['java'],unrelated
13564350,stuff class stuff,class,['java'],unrelated
8911350,java util public primes2 main string args scanner scan scanner system num1 num2 num1 scan next int num2 scan next int num1 num2 system println,class,['java'],unrelated
18854779,java io import java util scanner import java lang class word count static string word public main string args count scanner scanner system system println enter sentence word next line word length word length word char at word char at not space word count system println the number words sentence count static not space string word word char at true else false,class,['java'],unrelated
8521917,temppkg final main string show string system println string causes null pointer exception issue compiler error system println works fine displaying value zero system println string causes compile time error variable might initialized system println causes compile time error variable might initialized main string args main show,class,['java'],unrelated
32246746,print path linked list integer visited integer node visited system print node system print system println,function,['java'],unrelated
49759612,laskuri laskurini laskuri laskurini kasvata system println laskurini lukema tulostuu laskurini kasvata system println laskurini lukema tulostuu,code_block,['java'],unrelated
33971899,target java lang annotation element type field retention retention policy class public base value,class,['java'],unrelated
7196786,hex author ravi public main param args command line arguments main string args todo code application logic system println,class,['java'],unrelated
27645090,main string args value value system println arrays string arr value private arr,function,['java'],unrelated
30154648,test search math sqrt system println system println system println system println public main string args int array search array problem,class,['java'],unrelated
12456127,testing test public test main string args testing testing override test test string,class,['java'],unrelated
13166683,javaapplication1 java text parse exception java text simple date format java util time zone java application1 main string args parse exception simple date format format simple date format yyyy mm dd hh mm ss format set time zone time zone get time zone gmt system println format parse 29t12,class,['java'],unrelated
27149699,java util scanner import java io object output stream import java io object input stream import java io file output stream import java io file input stream import java io ioexception import java io file not found exception import java lang class not found exception import java util list import java util array list import java io eofexception public class list find string string found false object output stream object os object output stream file output stream class list data object input stream object is object input stream file input stream class list data assignment read assign assignment object is read object student student read read assign get students get search student objects compare student number if found returns true false read assign get students null student read read assign get students get student read get id found true if found true error message produced if found false adds student object found true system println student id number already exists name system print student read get fname student read get lname object os flush object os close student student student student set fname student set lname student set id assignment assign assignment list student students array list students add student assign set students students system println done object os write object assign object os flush object os close class not found exception cnf cnf print stack trace file not found exception fnf fnf print stack trace catch eofexception eof print stack trace ioexception ioe ioe print stack trace main string args scanner stu in scanner system use student input create students system println what first name string name stu in next line system println what last name string name stu in next line system println what student number num stu in next int find num name name,class,['java'],unrelated
55484680,test ioexception file reader fr null scanner sc null string file name data txt fr file reader file name sc scanner fr sc next line year month sales total string lines sc next line split lines length value integer value of lines value year value month value sales total value system println sales total system println year month sales total ioexception system println fr null fr close sc null sc close,function,['java'],unrelated
27386716,get class b1 b1 get message system println welcome covariant type main string args b1 get message,class,['java'],unrelated
43298631,java util scanner public dungeon character main string args intro creating relevant objects scanner input scanner system character user character test tt test dice rand dice movement move movement introduction system println yo yo welcome to the java dungeon system println let get this party started name input system println first offf what is your name user char name input next line system println welcome user char name hp input system println now lets get your health points tt continue user char hp rand di system println user char name your hp user char hp attack input system println now lets get your attack points tt continue user char atk rand di system println user char name your attack points user char atk dungeon start user char pos move moving,class,['java'],unrelated
58049970,main string args create array size random integers measure time takes sort array ascending order sort either quicksort mergesort system current time millis random rnd random system current time millis integer array integer rnd next int array length array rnd next int sort array system println arrays string array system current time millis system println program runtime ms expected result quicksort average running time faster comparison mergesort large random integer arrays actual result mergesort slightly faster tests 10k elements 100k elements 1000k elements,function,['java'],unrelated
16795050,javabook class triangle data private variables base height area base height area enough calculation constructors name file name triangle base height area triangle output box box main window window base height area this proof area triangle h base height area triangle half base times height calculate area input box box input box window base box get double please enter length base triangle height box get double please enter height triangle compute area box println the area triangle base base height height equal area methods behaviours compute area area base height methods gets accessors sets mutators length set thebase base base base get the base base breath set the height height height height get the height height area get the area area,class,['java'],unrelated
59802203,looptests main string args random rand gen random seed value rand gen set seed seed value loop counter iterates num rolls times num rolls user defined number rolls num ones num twos num threes num fours num fives num sixes tracks number 6s found dice one dice values dice two total rolls sum dice values num rolls roll dice num roll times num rolls num rolls dice one rand gen next int dice two rand gen next int total rolls dice one dice two total rolls num ones num ones total rolls num twos num twos total rolls num threes num threes total rolls num fours num fours total rolls num fives num fives total rolls num sixes num sixes count count print statistics dice rolls system println one num ones count,class,['java'],unrelated
25154899,main string args scanner scanner system next int next int list integer list1 array list list integer list2 array list list1 add next int list2 add next int collections sort list1 collections sort list2 collections reverse order max math min list1 size list2 size result max list1 get list2 get result system println result,function,['java'],unrelated
30846264,java util scanner public application main string args scanner input scanner system system println enter password string value input next line value equals mycat system println password accepted system println my personal number system println blahblah system println incorrect password,class,['java'],unrelated
50317321,not work string reg num input meter list size reg num input meter list get get reg num meter list set meter list get get work or not string no true,function,['java'],unrelated
32823875,main application string word to guess string the words light yawning sleeping string string letters guessed random random random label label1 label text field field1 text field override start stage primary stage word to guess the words random next int the words length field1 set on key released field1 get text lower case field1 set text letters guessed label1 set text fill the word vbox root vbox root set alignment pos center root get children add all label1 field1 scene scene scene root primary stage set scene scene primary stage show string fill the word string random value word to guess char array letters guessed contains character string random value random value random value main string args launch args,class,['java'],unrelated
1563030,main string args,function,['java'],unrelated
26381236,java util scanner public crypto string alphabet abcdefghijklmnopqrstuvwxyz decalage scanner scanner scanner system main string args system println veuillez entrer une chaine de caracteres string scanner next line la chaine coder string coder la chaine codee string chaine codee pos coder length alphabet system println la chaine coder est vide pos alphabet index of char at val pos decalage replace alphabet char at val chaine codee chaine codee replace system format la chaine initiale etait coder empty system println la chaine coder est vide system format la chaine coder est coder system format la chaine codee est chaine codee,class,['java'],unrelated
58654453,node node parent list node children value max children node value parent null children array list value value max children node find node node node find first node without children node numchildren arity arity node newchildren reverse node children reverse want scan right left node temp newchildren find node temp,class,['java'],unrelated
39540998,java util scanner public internet service provider main string args true print monthly bill calculate bill get hours menu get hours hours scanner input hours scanner system system print please enter hours used hours input hours next double input hours close hours menu package choice scanner user input scanner system system println which obtain please use system println package system println package system println package system print please select package choice user input next int user input close package choice,class,['java'],unrelated
42127804,main string args interrupted exception string foo string foo2 system println integer hex string foo hash code system println integer hex string foo2 hash code foo foo2 system println system identity hash code foo system println system identity hash code foo2 thread sleep,function,['java'],unrelated
60825447,divisible by three main string args scanner scanner scanner system integer value of scanner next line integer value of scanner next line divisible by three in range divisible by three in range beginning end beginning end system println,class,['java'],unrelated
31812449,java io import java util scanner public cc main string args file not found exception unsupported encoding exception system println welcome caesar cipher system print enter encipher decipher exit scanner scan scanner system answer scan next int system print what non negative shift use scanner scan1 scanner system scan1 next int system print what input file name scanner scan2 scanner system string file scan2 next line system print what output file name scanner scan3 scanner system string savefile scan3 next line answer encode file savefile answer decode file savefile answer system println see later aligator system println done encode string file string savefile file not found exception unsupported encoding exception file f2 file savefile print writer writer print writer f2 utf file file file scanner input scanner file input stream string builder encoded string builder file char array character letter character upper case encoded append else encoded append else encoded append writer print encoded string writer close decode string file string savefile file not found exception unsupported encoding exception encode file savefile,class,['java'],unrelated
43311681,advance array array length array length length array ch array ch ch array ch array,function,['java'],unrelated
16903046,todo auto generated method stub,class,"['java', 'eclipse', 'todo']",unrelated
11863905,ainf ainf something binf something2 something3 binf param interface binf class aimpl ainf override aimpl something todo auto generated method stub null override bimpl something2 todo auto generated method stub null override something3 bimpl param this method overriding something3 binf param ainf todo auto generated method stub class bimpl binf,class,['java'],unrelated
